drug_name,reaction_name,count
LETAIRIS,Dyspnoea,33
CLARITIN CHEWABLE TABLETS,Overdose,30
LIPITOR,Type 2 diabetes mellitus,20
LETAIRIS,Oedema peripheral,16
LETAIRIS,Headache,15
LETAIRIS,Fatigue,15
LETAIRIS,Unevaluable event,13
HOLOXAN,Disease progression,12
JAKAFI,Haemoglobin decreased,11
DEPAKOTE,Tremor,11
LETAIRIS,Fluid retention,11
JAKAFI,Fatigue,10
DEPAKOTE,Drug ineffective,10
LETAIRIS,Malaise,10
LETAIRIS,Cough,10
LETAIRIS,Swelling,10
JAKAFI,Headache,10
LETAIRIS,Insomnia,9
OMNISCAN,Nephrogenic systemic fibrosis,9
JAKAFI,Contusion,9
LETAIRIS,Nasal congestion,8
MIRENA,Uterine perforation,8
JAKAFI,Diarrhoea,8
JAKAFI,Nausea,8
LETAIRIS,Oedema,8
LETAIRIS,Dizziness,8
LETAIRIS,Asthenia,7
LETAIRIS,Dyspnoea exertional,7
DEPAKOTE,Alopecia,7
LETAIRIS,Peripheral swelling,7
MIRENA,Injury,7
JAKAFI,Drug dose omission,7
JAKAFI,Anaemia,7
JAKAFI,Blood count abnormal,7
MIRENA,Pain,7
JAKAFI,Weight increased,7
DEPAKOTE,Nausea,6
LETAIRIS,Fall,6
MIRENA,Emotional distress,6
JAKAFI,Platelet count decreased,6
JAKAFI,Dizziness,6
GLIVEC,Death,6
DEPAKOTE,Insomnia,5
CEFTRIAXONE,Maternal exposure during pregnancy,5
LYRICA,Drug ineffective,5
JAKAFI,Rash,5
DEPAKOTE,Vomiting,5
JAKAFI,White blood cell count increased,5
DEPAKOTE,Hypersensitivity,5
DEPAKOTE,Gait disturbance,5
LETAIRIS,Vomiting,5
LETAIRIS,Arthralgia,5
LETAIRIS,Pain,5
LETAIRIS,Diarrhoea,5
CEFTRIAXONE,Amniotic cavity infection,4
DEPAKOTE,Feeling jittery,4
DEPAKOTE,Fatigue,4
DEPAKOTE,Fall,4
DEPAKOTE,Foetal exposure during pregnancy,4
JAKAFI,Platelet count increased,4
LETAIRIS,Throat irritation,4
JAKAFI,Insomnia,4
JAKAFI,Pain,4
JAKAFI,Epistaxis,4
DEPAKOTE,Somnolence,4
DEPAKOTE,Weight increased,4
MIRENA,Device dislocation,4
DEPAKOTE,Rash,4
LETAIRIS,Feeling abnormal,4
LETAIRIS,Palpitations,4
LETAIRIS,Weight increased,4
LETAIRIS,Nasopharyngitis,4
DEPAKOTE,Balance disorder,4
SPIRIVA,Product quality issue,4
SPIRIVA,Incorrect route of drug administration,4
ACLASTA,Death,3
YAZ,Abdominal pain,3
SOLIRIS,Fatigue,3
TYVASO,Fatigue,3
SPIRIVA,Off label use,3
LETAIRIS,Pain in extremity,3
LETAIRIS,Liver function test abnormal,3
LETAIRIS,Pruritus,3
DEPAKOTE,Anxiety,3
CORICIDIN HBP COLD AND FLU,Somnolence,3
DEPAKOTE,Dizziness,3
SOLIRIS,Haemoglobinuria,3
LETAIRIS,Back pain,3
JAKAFI,White blood cell count decreased,3
LETAIRIS,Anaemia,3
JAKAFI,Transfusion,3
JAKAFI,Pruritus,3
JAKAFI,Splenomegaly,3
JAKAFI,Vomiting,3
LETAIRIS,Nausea,3
LETAIRIS,Urinary tract infection,3
LETAIRIS,Sinusitis,3
LETAIRIS,Syncope,3
AUBAGIO,Alopecia,3
LETAIRIS,Drug ineffective,3
LETAIRIS,Haemoglobin decreased,3
LETAIRIS,Productive cough,3
LETAIRIS,Pain in jaw,3
YAZ,General physical health deterioration,3
YAZ,Injury,3
DEPAKOTE,Depression,3
OXYTROL FOR WOMEN,Drug ineffective,3
MIRENA,Device expulsion,3
JAKAFI,Abdominal distension,3
NEXPLANON,Device difficult to use,3
HUMIRA,Asthenia,3
EXJADE,Death,3
NEULASTA,Investigation,3
NEXPLANON,No adverse event,3
JAKAFI,Abdominal pain,3
JAKAFI,Hospice care,3
JAKAFI,Flatulence,3
JAKAFI,Dyspnoea,3
YAZ,Pain,3
DEPAKOTE,Nervousness,3
DEPAKOTE,Off label use,3
DEPAKOTE,Phobia,3
DEPAKOTE,Hyperammonaemia,3
DEPAKOTE,Medication residue present,3
DEPAKOTE,Headache,3
DEPAKOTE,Malaise,3
DEPAKOTE,Mania,3
DEPAKOTE,Feeling abnormal,3
DEPAKOTE,Drug hypersensitivity,3
CLOZARIL,White blood cell count increased,3
DEPAKOTE,Hallucination,3
PREDNISONE,Pyrexia,3
PLAN B ONE-STEP,Menstruation irregular,3
PREDNISONE,Meningitis,3
PREDNISONE,Listeriosis,3
LYRICA,Joint swelling,3
TEGRETOL,Convulsion,2
TYVASO,Cough,2
SPIRIVA,Drug administration error,2
TYVASO,Chest discomfort,2
YAZ,Anxiety,2
ACLASTA,Chronic obstructive pulmonary disease,2
TYVASO,Hypotension,2
CLOZARIL,Tachycardia,2
CORICIDIN HBP COLD AND FLU,Drug ineffective,2
DEPAKOTE,Amnesia,2
DEPAKOTE,Abdominal pain upper,2
DEPAKOTE,Agitation,2
DEPAKOTE,Bone marrow failure,2
SANDOSTATIN LAR DEPOT,Influenza,2
CORICIDIN HBP COLD AND FLU,Drug effect decreased,2
JAKAFI,Platelet count abnormal,2
JAKAFI,Stomatitis,2
JAKAFI,Stem cell transplant,2
JAKAFI,Therapeutic response unexpected,2
LETAIRIS,Adverse reaction,2
LETAIRIS,Abdominal pain,2
LETAIRIS,Abdominal discomfort,2
AUBAGIO,Skin exfoliation,2
LETAIRIS,Chest pain,2
LETAIRIS,Infection,2
LETAIRIS,Decreased appetite,2
LETAIRIS,Flushing,2
LETAIRIS,Dyspepsia,2
LETAIRIS,Dysphonia,2
LETAIRIS,Bronchitis,2
LETAIRIS,Cardiac failure congestive,2
LETAIRIS,Head injury,2
LETAIRIS,Hepatic enzyme increased,2
LETAIRIS,Hot flush,2
LETAIRIS,Influenza,2
DEPAKOTE,Ammonia increased,2
DEPAKOTE,Cardiac murmur,2
AMPYRA,Headache,2
AMPYRA,Fall,2
LETAIRIS,Loss of consciousness,2
LETAIRIS,Ocular hyperaemia,2
AMPYRA,Gait disturbance,2
LETAIRIS,Tinnitus,2
LETAIRIS,Tremor,2
LETAIRIS,Tooth disorder,2
LETAIRIS,Sinus disorder,2
LETAIRIS,Somnolence,2
DEPAKOTE,Drug dispensing error,2
JAKAFI,Drug ineffective,2
JAKAFI,Drug administration error,2
JAKAFI,Disease progression,2
JAKAFI,Dry eye,2
JAKAFI,Gout,2
JAKAFI,Hypoaesthesia,2
JAKAFI,Increased appetite,2
JAKAFI,Malaise,2
NUVARING,Device expulsion,2
NEXPLANON,Device breakage,2
PARAGARD 380A,Embedded device,2
JAKAFI,Feeling abnormal,2
AMITRIPTYLINE,Unevaluable event,2
AMITRIPTYLINE,Pain,2
JAKAFI,Pyrexia,2
AUBAGIO,Muscle spasms,2
AZILECT,Hyperhidrosis,2
AZACITIDINE INJECTABLE,Febrile neutropenia,2
JAKAFI,Oedema peripheral,2
JAKAFI,Muscle spasms,2
JAKAFI,Nasopharyngitis,2
JAKAFI,Memory impairment,2
MIRENA,Device issue,2
LYRICA,Back pain,2
LYRICA,Dizziness,2
LYRICA,Drug effect incomplete,2
LETAIRIS,Wrist fracture,2
JAKAFI,Night sweats,2
LYRICA,Swelling,2
LYRICA,Drug intolerance,2
LYRICA,Feeling abnormal,2
DIANEAL LOW CALCIUM PERITONEAL DIALYSIS SOLUTION WITH DEXTROSE,Gangrene,2
DIVALPROEX SODIUM,Convulsion,2
EFFEXOR XR,Dizziness,2
EFFEXOR,Dizziness,2
"FORANE (ISOFLURANE, USP)",Hyperthermia malignant,2
GLEEVEC,Death,2
GLIVEC,Pyrexia,2
HUMIRA,Headache,2
JAKAFI,Alopecia,2
HUMIRA,Dyspnoea,2
HUMIRA,Myocardial infarction,2
HUMIRA,Rectal haemorrhage,2
JAKAFI,Adverse drug reaction,2
JAKAFI,Blister,2
MIRENA,Anxiety,2
MIRENA,Depression,2
JAKAFI,Constipation,2
ONFI,Convulsion,2
NEXPLANON,Product quality issue,2
JAKAFI,Ear congestion,2
DEPAKOTE,Pain,2
DEPAKOTE,Neutrophil count decreased,2
DEPAKOTE,Product quality issue,2
DEPAKOTE,Speech disorder,2
DEPAKOTE,Thinking abnormal,2
DEPAKOTE,Suicidal ideation,2
DEPAKOTE ER,Frustration,2
DIANEAL LOW CALCIUM,Hypophagia,2
DEPAKOTE ER,Anger,2
DIANEAL LOW CALCIUM,Pneumonia,2
DEPAKOTE ER,Unevaluable event,2
DEPAKOTE SPRINKLE,Therapy change,2
SANDOSTATIN LAR DEPOT,Gait disturbance,2
SANDOSTATIN LAR DEPOT,Fall,2
DEPAKOTE,Grand mal convulsion,2
DEPAKOTE,Leukopenia,2
DEPAKOTE,Lethargy,2
DEPAKOTE,Joint swelling,2
DEPAKOTE,Irritability,2
CEFTRIAXONE,Foetal death,2
DEPAKOTE,Local swelling,2
DEPAKOTE,Memory impairment,2
DEPAKOTE,Pancreatitis,2
DEPAKOTE,Unevaluable event,2
PREDNISONE,Vomiting,2
RIBAVIRIN,Myalgia,2
ACLASTA,Malaise,2
SANDOSTATIN LAR,Death,2
CEFTRIAXONE,Meconium stain,2
PARACETAMOLO,Diarrhoea,2
PARACETAMOLO,C-reactive protein increased,2
PARACETAMOLO,Blood creatinine increased,2
PARACETAMOLO,Abdominal pain,2
RIBAVIRIN,Chills,2
PREDNISONE,Headache,2
DEPAKOTE,Drug level below therapeutic,2
DEPAKOTE,Convulsion,2
DEPAKOTE,Congenital cardiovascular anomaly,2
DEPAKOTE,Confusional state,2
DEPAKOTE,Dry mouth,2
DEPAKOTE,Drug level increased,2
DEPAKOTE,Crying,2
CLOZARIL,Neutrophil count increased,2
YAZ,Emotional distress,2
5-FLUOROURACIL,Abdominal pain,1
5-FLUOROURACIL,Nausea,1
ZYTIGA,Pyrexia,1
ZYTIGA,Prostatic specific antigen increased,1
ZYTIGA,Platelet count decreased,1
ZYTIGA,Bone pain,1
ZOLPIDEM SANDOZ,Medication error,1
ZOLPIDEM SANDOZ,Incorrect dose administered,1
ZOLPIDEM SANDOZ,Drug prescribing error,1
ZOLPIDEM SANDOZ,Disorientation,1
ZOLINZA,Product packaging quantity issue,1
ZOLINZA,No adverse event,1
ACLASTA,Mobility decreased,1
ACLASTA,Myalgia,1
ACLASTA,Nasal congestion,1
ACLASTA,Nasopharyngitis,1
ACLASTA,Nausea,1
ACLASTA,Neoplasm malignant,1
ACLASTA,Nerve compression,1
ACLASTA,Pain in extremity,1
ACLASTA,Pyrexia,1
ACLASTA,Respiratory failure,1
ACLASTA,Thrombosis,1
ACLASTA,Underdose,1
ACLASTA/ZOLEDRONATE,Bone density decreased,1
ADCIRCA,Drug hypersensitivity,1
ZETIA,Hypersensitivity,1
ZETIA,Pain,1
CITALOPRAM (UNKNOWN),Hyponatraemia,1
CITALOPRAM ORAL SOLUTION,Drug abuse,1
CITALOPRAM ORAL SOLUTION,Overdose,1
CITALOPRAM ORAL SOLUTION,Sopor,1
CLARITIN CHEWABLE TABLETS,Accidental exposure to product by child,1
CLARITIN CHEWABLE TABLETS,Accidental overdose,1
CLARITIN CHEWABLE TABLETS,Inappropriate schedule of drug administration,1
CLINDAMYCIN,Bone marrow failure,1
CLINDAMYCIN,Cough,1
CLINDAMYCIN,Leukopenia,1
CLINDAMYCIN,Lymphadenopathy,1
CLINDAMYCIN,Neutropenia,1
CLINDAMYCIN,Odynophagia,1
CICLOSPORIN,Pulmonary veno-occlusive disease,1
CICLOSPORIN,Respiratory distress,1
YAZ,Jugular vein thrombosis,1
CLINDAMYCIN,Productive cough,1
CLINDAMYCIN,Purulent discharge,1
CLINDAMYCIN,Pyrexia,1
CLINDAMYCIN,Thrombocytopenia,1
CLINDAMYCIN,Tonsillar hypertrophy,1
CLINDAMYCIN,Tonsillitis,1
CLOZAPINE,Anaemia,1
CLOZAPINE,Drug ineffective,1
CLOZAPINE,Ear pain,1
CLOZAPINE,Inflammation,1
CLOZAPINE,Leukocytosis,1
CLOZAPINE,Odynophagia,1
CLOZAPINE,Oedema,1
CLOZAPINE,Parotid gland enlargement,1
CITALOPRAM,Panic attack,1
CITALOPRAM,Thrombocytopenia,1
CERTICAN,Dyspnoea,1
CLOZAPINE,Schizoaffective disorder bipolar type,1
CLOZAPINE,Tachycardia,1
CLOZARIL,Abnormal behaviour,1
CLOZARIL,Abscess bacterial,1
CLOZARIL,Atrial septal defect,1
CLOZARIL,Bundle branch block right,1
CLOZARIL,Bursitis,1
CLOZARIL,Circulatory collapse,1
CLOZARIL,Dyspnoea,1
CLOZARIL,Electrocardiogram abnormal,1
CLOZARIL,Left ventricular dysfunction,1
CLOZARIL,Platelet count decreased,1
CLOZARIL,Pneumonia aspiration,1
CLINDAMYCIN,Pancytopenia,1
CLINDAMYCIN,Pharyngeal erythema,1
CLOZAPINE,Salivary hypersecretion,1
CICLOSPORIN,Therapeutic response decreased,1
CINRYZE (C1 ESTERASE INHIBITOR (HUMAN)),Anxiety,1
CINRYZE (C1 ESTERASE INHIBITOR (HUMAN)),Depression,1
CINRYZE (C1 ESTERASE INHIBITOR (HUMAN)),Hereditary angioedema,1
CINRYZE (C1 ESTERASE INHIBITOR (HUMAN)),Pain in extremity,1
CINRYZE (C1 ESTERASE INHIBITOR (HUMAN)),Panic attack,1
CISPLATIN (UNKNOWN),Neutropenia,1
CITALOPRAM,Anxiety,1
CITALOPRAM,Condition aggravated,1
CITALOPRAM,Depression,1
CITALOPRAM,Haematoma,1
CITALOPRAM,International normalised ratio increased,1
CITALOPRAM,Mental disorder,1
CITALOPRAM,Off label use,1
CERTICAN,Aphthous stomatitis,1
COUMADIN,Migraine,1
CLOZARIL,Sinus tachycardia,1
CLOZARIL,Staphylococcal infection,1
COLCHICINE,Fluid retention,1
COLCHICINE,Oedema peripheral,1
COLCHICINE,Petechiae,1
COLCHICINE,Thrombocytopenia,1
COLCHICINE,Weight increased,1
COMBIVENT,Dysphonia,1
COMETRIQ,Death,1
COMETRIQ,Diarrhoea,1
COMETRIQ,Dysphonia,1
COMETRIQ,Dyspnoea,1
COMETRIQ,Fatigue,1
COMPLERA,Pregnancy,1
CLOZAPINE,Parotitis,1
CYTARABINE,Pneumonia,1
DARUNAVIR,Electrocardiogram QT prolonged,1
DARUNAVIR,Syncope,1
DEPAKINE,Fall,1
COPAXONE,Eye pain,1
COPAXONE,Ocular vascular disorder,1
COPAXONE,Retinal vascular disorder,1
COPAXONE,Teeth brittle,1
COPAXONE,Tooth disorder,1
COPAXONE,Tooth fracture,1
COPAXONE,Tooth loss,1
CORDARONE,Erythema,1
CORDARONE,Pruritus,1
CORICIDIN HBP COLD AND FLU,Condition aggravated,1
CORICIDIN HBP COLD AND FLU,Drug ineffective for unapproved indication,1
CORICIDIN HBP COLD AND FLU,Feeling abnormal,1
DEPAKOTE,Amylase increased,1
DEPAKOTE,Anger,1
DEPAKOTE,Anticonvulsant drug level below therapeutic,1
DEPAKOTE,Atrial fibrillation,1
COUMADIN TABS 2 MG,Anaemia,1
COUMADIN TABS 2 MG,Hypotension,1
COUMADIN TABS 2 MG,Renal failure chronic,1
COUMADIN TABS 2 MG,Subcutaneous haematoma,1
COZAAR,Exposure during pregnancy,1
CRESTOR,Liver disorder,1
CRESTOR,Transaminases increased,1
CUBICIN,Death,1
CUBICIN,Infection,1
CYTARABINE,Acute graft versus host disease,1
CYTARABINE,Cystitis haemorrhagic,1
CYTARABINE,Cytomegalovirus infection,1
DEPAKOTE,Bipolar disorder,1
DEPAKOTE,Blood cholesterol increased,1
DEPAKOTE,Blood glucose increased,1
DEPAKOTE,Body height below normal,1
DEPAKOTE,Bruxism,1
DEPAKOTE,Cautery to nose,1
DEPAKOTE,Chills,1
DEPAKOTE,Clavicle fracture,1
DEPAKOTE,Cleft palate,1
DEPAKOTE,Concussion,1
DEPAKINE,Rhabdomyolysis,1
DEPAKINE,Somnolence,1
DEPAKOTE,Abdominal discomfort,1
DEPAKOTE,Activities of daily living impaired,1
DEPAKOTE,Adverse drug reaction,1
DEPAKOTE,Adverse event,1
CERTICAN,General physical health deterioration,1
CERTICAN,Interstitial lung disease,1
CERTICAN,Oedema,1
CERTICAN,Pleural effusion,1
CHAMPIX,Asthenia,1
CHAMPIX,Dizziness,1
CHAMPIX,Hypertension,1
CHAMPIX,Sinus tachycardia,1
CHANTIX,Abnormal dreams,1
CHANTIX,Insomnia,1
CICLOSPORIN,Drug ineffective,1
CICLOSPORIN,Dyspnoea,1
CICLOSPORIN,Pulmonary alveolar haemorrhage,1
CICLOSPORIN,Pulmonary oedema,1
CEFTRIAXONE,Low birth weight baby,1
DEPAKOTE,Back pain,1
DEPAKOTE,Dyskinesia,1
DEPAKOTE,Dysmorphism,1
DEPAKOTE,Dyspnoea,1
DEPAKOTE,Dysstasia,1
DEPAKOTE,Emotional distress,1
DEPAKOTE,Congenital anomaly,1
DEPAKOTE,Congenital hand malformation,1
DEPAKOTE,Congenital nose malformation,1
DEPAKOTE,Congenital oral malformation,1
DEPAKOTE,Corrective lens user,1
DEPAKOTE,Decreased appetite,1
DEPAKOTE,Disorientation,1
DEPAKOTE,Dreamy state,1
DEPAKOTE,Drug effect incomplete,1
DEPAKOTE,Autism,1
DEPAKOTE,Back injury,1
DEPAKOTE,Eye movement disorder,1
DEPAKOTE,Facial pain,1
DEPAKOTE,Faecal incontinence,1
DEPAKOTE,Faeces pale,1
DEPAKOTE,Fallot^s tetralogy,1
DEPAKOTE,Fear,1
DEPAKOTE,Feeling cold,1
DEPAKOTE,Feeling hot,1
DEPAKOTE,Flat affect,1
DEPAKOTE,Foetal anticonvulsant syndrome,1
DEPAKOTE,Drug interaction,1
DEPAKOTE,Drug intolerance,1
DEPAKOTE,Drug prescribing error,1
DEPAKOTE,Drug withdrawal syndrome,1
DEPAKOTE,Dysarthria,1
DEPAKOTE,Dysgeusia,1
DEPAKOTE,Erythema,1
CEFTRIAXONE,Meningitis,1
CEFTRIAXONE,Normal newborn,1
CEFTRIAXONE,Oxygen saturation decreased,1
CEFTRIAXONE,Pneumonia aspiration,1
CEFTRIAXONE,Pyelonephritis,1
CEFTRIAXONE,Pyrexia,1
CEFTRIAXONE,Sepsis,1
CELEBREX,Activities of daily living impaired,1
CELEBREX,Arthropathy,1
CELEBREX,Cataract,1
CELEBREX,Drug ineffective,1
CELEBREX,Glaucoma,1
CELEBREX,Vitamin D decreased,1
CARDIOASPIRIN,Melaena,1
CARDIOASPIRIN,Subarachnoid haemorrhage,1
DEPAKOTE,Increased tendency to bruise,1
DEPAKOTE,Injury,1
DEPAKOTE,Intervertebral disc disorder,1
DEPAKOTE,Full blood count abnormal,1
DEPAKOTE,Gingival bleeding,1
DEPAKOTE,Gingival erythema,1
DEPAKOTE,Gingival hyperplasia,1
DEPAKOTE,Gingival inflammation,1
DEPAKOTE,Gingival pain,1
DEPAKOTE,Gingivitis,1
DEPAKOTE,Granulocytopenia,1
DEPAKOTE,Growth retardation,1
DEPAKOTE,Hair disorder,1
DEPAKOTE,Hair growth abnormal,1
DEPAKOTE,Head titubation,1
DEPAKOTE,Epistaxis,1
CASODEX,Diarrhoea,1
CASODEX,Drug ineffective,1
CASODEX,Dyspnoea,1
CASODEX,Heart rate decreased,1
CASODEX,Nausea,1
CEFTRIAXONE,Abortion late,1
CEFTRIAXONE,Foetal distress syndrome,1
CEFTRIAXONE,Foetal exposure during pregnancy,1
CEFTRIAXONE,Intraventricular haemorrhage neonatal,1
CEFTRIAXONE,Listeriosis,1
CANESTEN (KAINITING),Caesarean section,1
CANESTEN (KAINITING),Drug ineffective,1
DEPAKOTE,Hepatic enzyme increased,1
DEPAKOTE,Hip fracture,1
DEPAKOTE,Hyperhidrosis,1
DEPAKOTE,Incorrect dose administered,1
DEPAKOTE,Parkinson^s disease,1
DEPAKOTE,Parkinsonism,1
DEPAKOTE,Lip dry,1
DEPAKOTE,Lipase increased,1
DEPAKOTE,Liver function test abnormal,1
DEPAKOTE,Low birth weight baby,1
DEPAKOTE,Medication error,1
DEPAKOTE,Mental impairment,1
DEPAKOTE,Mobility decreased,1
DEPAKOTE,Mood altered,1
DEPAKOTE,Movement disorder,1
DEPAKOTE,Multiple injuries,1
DEPAKOTE,Muscular weakness,1
DEPAKOTE,Heart rate increased,1
CARDIOASPIRIN,Vertigo,1
CASODEX,Arthralgia,1
DEPAKOTE,Premature baby,1
DEPAKOTE,Pruritus,1
DEPAKOTE,Pulmonary valve stenosis congenital,1
DEPAKOTE,Pyrexia,1
DEPAKOTE,Repetitive speech,1
DEPAKOTE,Sedation,1
DEPAKOTE,Skin disorder,1
DEPAKOTE,Sleep disorder,1
DEPAKOTE,Myalgia,1
DEPAKOTE,Neuropathy peripheral,1
DEPAKOTE,Oedema,1
DEPAKOTE,Osteoporosis,1
DEPAKOTE,Pancreatic disorder,1
DEPAKOTE,Pancreatitis acute,1
DEPAKOTE,Pancytopenia,1
DEPAKOTE,Paraesthesia,1
CAPTOPRIL SANDOZ,Blood pressure fluctuation,1
CAPTOPRIL SANDOZ,Dyspepsia,1
CAPTOPRIL SANDOZ,Headache,1
CAPTOPRIL SANDOZ,Malaise,1
CARBIDOPA AND LEVODOPA,Adverse event,1
CARBIDOPA AND LEVODOPA,Fatigue,1
CARBIDOPA AND LEVODOPA,Haemorrhage,1
CARBIDOPA AND LEVODOPA,Red blood cell count decreased,1
CARDIOASPIRIN,Asthenia,1
CARDIOASPIRIN,Duodenal ulcer,1
CARDIOASPIRIN,Gastritis erosive,1
CARDIOASPIRIN,Gastrointestinal haemorrhage,1
BUSULFEX,Infection,1
BUSULFEX,Lung disorder,1
DEPAKOTE,Platelet count decreased,1
DEPAKOTE,Postmature baby,1
DEPAKOTE ER,Off label use,1
DEPAKOTE,Stevens-Johnson syndrome,1
DEPAKOTE,Tardive dyskinesia,1
DEPAKOTE,Thought withdrawal,1
DEPAKOTE,Thrombocytopenia,1
DEPAKOTE,Tongue injury,1
DEPAKOTE,Tooth development disorder,1
DEPAKOTE,Toothache,1
DEPAKOTE,Trigeminal neuralgia,1
DEPAKOTE,Trismus,1
DEPAKOTE,Urinary incontinence,1
DEPAKOTE,Urticaria,1
DEPAKOTE,Visual impairment,1
DEPAKOTE,Paternal drugs affecting foetus,1
CANESTEN (KAINITING),Exposure during pregnancy,1
CAPTOPRIL SANDOZ,Allergic cough,1
DIANEAL LOW CALCIUM,Death,1
DIANEAL LOW CALCIUM,Dehydration,1
DIANEAL LOW CALCIUM,Diabetic complication,1
DIANEAL LOW CALCIUM,Diabetic ketoacidosis,1
DIANEAL LOW CALCIUM,Discomfort,1
DEPAKOTE,Wrong technique in drug usage process,1
DEPAKOTE ER,Agitation,1
DEPAKOTE ER,Anxiety,1
DEPAKOTE ER,Dizziness,1
DEPAKOTE ER,Drug dose omission,1
DEPAKOTE ER,Drug level decreased,1
DEPAKOTE ER,Eating disorder,1
DEPAKOTE ER,Fatigue,1
DEPAKOTE ER,Feeling abnormal,1
DEPAKOTE ER,Insomnia,1
DEPAKOTE ER,Malaise,1
DIANEAL LOW CALCIUM,Post procedural haemorrhage,1
DIANEAL LOW CALCIUM,Pulmonary haemorrhage,1
DIANEAL LOW CALCIUM,Pulmonary oedema,1
DIANEAL LOW CALCIUM,Rib fracture,1
DIANEAL LOW CALCIUM,Sepsis,1
DIANEAL LOW CALCIUM,Staphylococcal infection,1
DIANEAL LOW CALCIUM,Swelling,1
DEXAMETHASONE,Drug hypersensitivity,1
DEXTROAMPHETAMINE SULFATE,Coeliac disease,1
DIANEAL LOW CALCIUM,Abscess limb,1
DIANEAL LOW CALCIUM,Acidosis,1
DIANEAL LOW CALCIUM,Anaemia,1
DIANEAL LOW CALCIUM,Blindness unilateral,1
DIANEAL LOW CALCIUM,Calciphylaxis,1
DIANEAL LOW CALCIUM,Catheter site infection,1
DIANEAL LOW CALCIUM,Cerebrovascular accident,1
DIANEAL LOW CALCIUM (ULTRABAG),Peritonitis,1
DIANEAL LOW CALCIUM (ULTRABAG),Toothache,1
DIANEAL LOW CALCIUM PERITONEAL DIALYSIS SOLUTION WITH DEXTROSE,Blood pressure diastolic increased,1
DIANEAL LOW CALCIUM PERITONEAL DIALYSIS SOLUTION WITH DEXTROSE,Eye movement disorder,1
DIANEAL LOW CALCIUM PERITONEAL DIALYSIS SOLUTION WITH DEXTROSE,Heart rate decreased,1
DIANEAL LOW CALCIUM PERITONEAL DIALYSIS SOLUTION WITH DEXTROSE,Hypotension,1
DIANEAL LOW CALCIUM PERITONEAL DIALYSIS SOLUTION WITH DEXTROSE,Pulse abnormal,1
DIANEAL PD2,Diarrhoea,1
DIANEAL PD2,Gastroenteritis viral,1
DIANEAL LOW CALCIUM,Failure to thrive,1
DIANEAL LOW CALCIUM,Gastrointestinal haemorrhage,1
DIANEAL LOW CALCIUM,Hypotension,1
DIANEAL LOW CALCIUM,Impaired healing,1
DIANEAL LOW CALCIUM,Localised infection,1
DIANEAL LOW CALCIUM,Myocardial infarction,1
DIANEAL LOW CALCIUM,Pancreatitis,1
DIANEAL PD4 SOLUTION WITH 15% DEXTROSE AND 25 MEQ/L CALCIUM,Pulmonary oedema,1
DIANEAL-N PD-4 15 PD SOLUTION,Sepsis,1
DIOVAN,Anxiety,1
DIOVAN,Blood glucose increased,1
DIOVAN,Bronchitis,1
DIOVAN,Cardiac disorder,1
DIOVAN,Cardiovascular disorder,1
DIOVAN,Chronic obstructive pulmonary disease,1
DIOVAN,Diabetes mellitus,1
DIOVAN,Dyspnoea,1
DIANEAL LOW CALCIUM,Tooth infection,1
DIANEAL LOW CALCIUM,Urinary tract infection,1
DIANEAL LOW CALCIUM,Wound,1
DIANEAL LOW CALCIUM (ULTRABAG),Headache,1
DIANEAL LOW CALCIUM (ULTRABAG),Myocardial infarction,1
DIANEAL LOW CALCIUM (ULTRABAG),Peritoneal dialysis complication,1
DIOVAN,Stress,1
DIOVAN,Urinary tract infection,1
DIOVAN HCT,Gastrointestinal stromal tumour,1
DIOVAN HCT,Hepatic neoplasm,1
DIOVAN HCT,Malaise,1
DIOVAN HCT,Wrong technique in drug usage process,1
DIVALPROEX SODIUM,Drug ineffective,1
DIVALPROEX SODIUM,Hospitalisation,1
DOCETAXEL (UNKNOWN),Anaemia,1
DONEPEZIL,Confusional state,1
DIANEAL PD2,Peritonitis bacterial,1
DIANEAL PD2 (ULTRABAG),Device malfunction,1
DIANEAL PD2 (ULTRABAG),Peritonitis,1
DIANEAL PD2 WITH 15% DEXTROSE,Death,1
DIANEAL PD2 WITH 15% DEXTROSE,Myocardial infarction,1
DIANEAL PD4 SOLUTION WITH 15% DEXTROSE AND 25 MEQ/L CALCIUM,Convulsion,1
DOXAZOSIN,Fall,1
DOXAZOSIN,Gait disturbance,1
DOXAZOSIN,Loss of proprioception,1
DOXORUBICIN TEVA,Cholestasis,1
DOXORUBICIN TEVA,Hepatocellular injury,1
DOXORUBICIN TEVA,Pyrexia,1
DOXYCYCLINE,Erection increased,1
DOXYCYCLINE HYCLATE,Drug hypersensitivity,1
DURAGESIC,Drug dose omission,1
DURAGESIC,Product adhesion issue,1
DURAGESIC-100,DRUG ADMINISTRATION ERROR,1
DIOVAN,Emphysema,1
DIOVAN,Malaise,1
DIOVAN,Neoplasm malignant,1
DIOVAN,Pneumonia,1
DIOVAN,Spinal column stenosis,1
EFFEXOR,Activities of daily living impaired,1
EFFEXOR,Nausea,1
EFFEXOR,Wrong technique in drug usage process,1
EFFEXOR XR,Chest discomfort,1
EFFEXOR XR,Chest pain,1
EFFEXOR XR,Drug ineffective,1
EFFEXOR XR,Feeling abnormal,1
EFFEXOR XR,Heart rate increased,1
EFFEXOR XR,Musculoskeletal pain,1
EFFEXOR XR,Pain in extremity,1
EFFEXOR XR,Palpitations,1
DONEPEZIL,"Hallucination, visual",1
DONEPEZIL,Headache,1
DONEPEZIL,Insomnia,1
DONEPEZIL,Somnolence,1
DOXAZOSIN,Asthenia,1
ERBITUX SOLN FOR INF 5MG/ML,Alopecia,1
ERBITUX SOLN FOR INF 5MG/ML,Constipation,1
ERBITUX SOLN FOR INF 5MG/ML,Decreased appetite,1
ERBITUX SOLN FOR INF 5MG/ML,Dermatitis acneiform,1
ERBITUX SOLN FOR INF 5MG/ML,Diarrhoea,1
ERBITUX SOLN FOR INF 5MG/ML,Dry mouth,1
ERBITUX SOLN FOR INF 5MG/ML,Dysgeusia,1
ERBITUX SOLN FOR INF 5MG/ML,Dysphagia,1
ERBITUX SOLN FOR INF 5MG/ML,Hypersensitivity,1
ERBITUX SOLN FOR INF 5MG/ML,Nausea,1
ERBITUX SOLN FOR INF 5MG/ML,Oedema,1
ERBITUX SOLN FOR INF 5MG/ML,Peripheral sensory neuropathy,1
ERBITUX SOLN FOR INF 5MG/ML,Radiation skin injury,1
DURAGESIC-100,OVERDOSE,1
DUROTEP MT,Malignant neoplasm progression,1
DUROTEP MT,Wrong technique in drug usage process,1
ERBITUX SOLN FOR INF 5MG/ML,Vomiting,1
ESTRING,Weight increased,1
EVEROLIMUS,Epilepsy,1
EVEROLIMUS,Mood altered,1
EVEROLIMUS,Stomatitis,1
EXELON PATCH,Apparent death,1
EXELON PATCH,Cerebrovascular accident,1
EXELON PATCH,Decreased appetite,1
EXELON PATCH,Dementia Alzheimer^s type,1
EXELON PATCH,General physical health deterioration,1
EXELON PATCH,Hip fracture,1
EXELON PATCH,Skin burning sensation,1
EXELON PATCH,Weight decreased,1
EFFEXOR XR,Spinal disorder,1
ENBREL,Visual impairment,1
EPIVAL,Feeling abnormal,1
EXTAVIA,Hemiparesis,1
EXTAVIA,Major depression,1
EXTAVIA,Multiple sclerosis,1
EXTAVIA,Multiple sclerosis relapse,1
EXTAVIA,Quadriplegia,1
FANAPT,Gait disturbance,1
FANAPT,Oedema peripheral,1
"FEIBA 500 U INJEKTIO/INFUUSIOKUIVA-AINE JA LIUOTIN, LIUOSTA VARTEN",Arteriovenous fistula site complication,1
"FEIBA 500 U INJEKTIO/INFUUSIOKUIVA-AINE JA LIUOTIN, LIUOSTA VARTEN",Device issue,1
"FEIBA 500 U INJEKTIO/INFUUSIOKUIVA-AINE JA LIUOTIN, LIUOSTA VARTEN",Thrombosis,1
FEMARA,Blood glucose increased,1
FEMARA,Chest discomfort,1
FEMARA,Dry eye,1
ERBITUX SOLN FOR INF 5MG/ML,Skin fissures,1
ERBITUX SOLN FOR INF 5MG/ML,Skin reaction,1
ERBITUX SOLN FOR INF 5MG/ML,Stomatitis,1
FEMARA,Ocular hyperaemia,1
FETZIMA,Testicular torsion,1
FLUOROURACIL,Oesophagitis,1
FLUOROURACIL,Pericarditis,1
FLUOROURACIL,Pleural effusion,1
FLUOROURACIL,Pneumonitis,1
FLUOROURACIL,Radiation pneumonitis,1
FOLIC ACID,Haemoglobin decreased,1
FORTEO,Fall,1
FORTEO,Femur fracture,1
FUROSEMIDE,Drug ineffective,1
FUROSEMIDE,Pulmonary arterial hypertension,1
GABAPENTIN,Alopecia,1
GILENYA,Angina pectoris,1
EXJADE,Neoplasm progression,1
EXTAVIA,Dysaesthesia,1
GILENYA,Atrioventricular block first degree,1
GILENYA,Back pain,1
GILENYA,Balance disorder,1
GILENYA,Basal cell carcinoma,1
GILENYA,Central nervous system lesion,1
GILENYA,Chest pain,1
GILENYA,Cholelithiasis,1
GILENYA,Completed suicide,1
GILENYA,Dyspnoea,1
GILENYA,Fall,1
GILENYA,Feeling abnormal,1
GILENYA,Frustration,1
GILENYA,Headache,1
GILENYA,Hypoaesthesia,1
GILENYA,Increased appetite,1
FEMARA,Eye pain,1
BENLYSTA,Laryngeal oedema,1
GILENYA,Multiple sclerosis,1
GILENYA,Musculoskeletal pain,1
GILENYA,Neck pain,1
GILENYA,Nervousness,1
GILENYA,Neurogenic bladder,1
GILENYA,Peripheral swelling,1
GILENYA,Rheumatoid arthritis,1
GILENYA,Rheumatoid factor increased,1
GILENYA,Seborrhoeic keratosis,1
GILENYA,Skin lesion,1
GILENYA,Stress,1
GILENYA,Suicidal behaviour,1
GILENYA,Tremor,1
GILENYA,Weight increased,1
GILENYA,Arthralgia,1
GILENYA,Lymphadenopathy,1
BUSULFEX,Malignant neoplasm progression,1
BUSULFEX,Mucosal inflammation,1
BUSULFEX,Nephropathy toxic,1
BUSULFEX,Neurotoxicity,1
BUSULFEX,Off label use,1
BUSULFEX,Transplant failure,1
BUSULFEX,Venoocclusive disease,1
CALCIUM,Adverse event,1
CALCIUM,Blood count abnormal,1
CALCIUM,Chest discomfort,1
CALCIUM,Dyspnoea,1
CALCIUM,Haemorrhage,1
CALCIUM,Joint swelling,1
CAMPATH,Death,1
BENLYSTA,Face oedema,1
GLEEVEC,Anaemia,1
GLEEVEC,Blister,1
GLEEVEC,Blood potassium decreased,1
GLEEVEC,Blood pressure increased,1
GLEEVEC,Constipation,1
GLEEVEC,Depression,1
GLEEVEC,Fear of death,1
GLEEVEC,Fluid retention,1
GLEEVEC,Gastric cancer,1
GLEEVEC,Hepatic lesion,1
GLEEVEC,Hypothyroidism,1
GLEEVEC,Joint swelling,1
GLEEVEC,Local swelling,1
GLEEVEC,Malignant neoplasm progression,1
GLEEVEC,Nausea,1
GILENYA,Lymph node pain,1
HARNAL D (TAMSULOSIN HYDROCHLORIDE),Subdural haematoma,1
GLEEVEC,Pleural effusion,1
GLEEVEC,Pollakiuria,1
GLEEVEC,Product use issue,1
GLEEVEC,Swelling,1
GLEEVEC,Vomiting,1
GLIVEC,Abdominal pain upper,1
GLIVEC,Amnesia,1
GLIVEC,Epistaxis,1
GLIVEC,Gastrointestinal stromal tumour,1
GLIVEC,Haematochezia,1
GLIVEC,Haematocrit decreased,1
GLIVEC,Haemorrhage,1
GLIVEC,Intestinal obstruction,1
GLIVEC,Lower limb fracture,1
GLIVEC,Malignant neoplasm progression,1
HUMIRA,Blindness,1
HUMIRA,Blood cholesterol increased,1
GLIVEC,Mouth haemorrhage,1
GLIVEC,Rectal haemorrhage,1
GLIVEC,Syncope,1
GRANULOCYTE MACROPHAGE COLONY STIM FACTOR,Dehydration,1
HABITROL 21 MG,Depressed mood,1
HABITROL 21 MG,Nightmare,1
HABITROL 21 MG,Suicidal ideation,1
HALDOL,Dysarthria,1
HALDOL,Dysphagia,1
HALDOL,Oropharyngeal spasm,1
HALDOL,Psychomotor hyperactivity,1
HALDOL,Respiratory disorder,1
HALDOL,Salivary hypersecretion,1
HALDOL,Sensation of foreign body,1
HUMIRA,Gastric haemorrhage,1
HUMIRA,Gastrooesophageal reflux disease,1
HUMIRA,Hepatic failure,1
HUMIRA,Hyperhidrosis,1
HOLOXAN,Neurological decompensation,1
HUMAN CLOTTABLE PROTEIN/HUMAN THROMBIN,Adhesion,1
HUMAN CLOTTABLE PROTEIN/HUMAN THROMBIN,Embolism arterial,1
HUMAN CLOTTABLE PROTEIN/HUMAN THROMBIN,Haemarthrosis,1
HUMAN CLOTTABLE PROTEIN/HUMAN THROMBIN,Haemorrhage,1
HUMAN CLOTTABLE PROTEIN/HUMAN THROMBIN,Phlebitis,1
HUMAN CLOTTABLE PROTEIN/HUMAN THROMBIN,Pulmonary embolism,1
HUMAN CLOTTABLE PROTEIN/HUMAN THROMBIN,Skin necrosis,1
HUMIRA,Acute respiratory distress syndrome,1
HUMIRA,Amnesia,1
HUMIRA,Appendix disorder,1
HUMIRA,Arthropathy,1
HUMIRA,Malaise,1
HUMIRA,Mobility decreased,1
HUMIRA,Muscular weakness,1
HUMIRA,Mycobacterium tuberculosis complex test positive,1
HUMIRA,Nausea,1
HUMIRA,Oedema peripheral,1
HUMIRA,Breast cancer,1
HUMIRA,Bronchial carcinoma,1
HUMIRA,Chest discomfort,1
HUMIRA,Chest pain,1
HUMIRA,Cold sweat,1
HUMIRA,Colitis ulcerative,1
HUMIRA,Erythema,1
HUMIRA,Exposure to contaminated water,1
HUMIRA,Fall,1
HUMIRA,Feeling hot,1
HUMIRA,Psoriasis,1
HUMIRA,Pyrexia,1
HUMIRA,Respiratory arrest,1
HUMIRA,Sepsis,1
HUMIRA,Smear cervix abnormal,1
HUMIRA,Tooth disorder,1
HUMIRA,Tremor,1
HUMIRA,Hypoaesthesia,1
HUMIRA,Hyponatraemia,1
HUMIRA,Ileectomy,1
HUMIRA,Influenza,1
HUMIRA,Joint dislocation,1
HUMIRA,Local swelling,1
HUMIRA,Loss of consciousness,1
HUMIRA,Lower respiratory tract infection bacterial,1
HUMIRA,Lung infection,1
IBUPROFEN,Dyspepsia,1
IBUPROFEN,Dyspnoea,1
IBUPROFEN,Eye disorder,1
IBUPROFEN,Hypersensitivity,1
IBUPROFEN,Lip discolouration,1
IBUPROFEN,Lip swelling,1
IBUPROFEN,Malaise,1
IBUPROFEN,Off label use,1
HUMIRA,Oesophageal perforation,1
HUMIRA,Organising pneumonia,1
HUMIRA,Osteonecrosis,1
HUMIRA,Palpitations,1
HUMIRA,Pancreatitis,1
HUMIRA,Paraesthesia,1
HUMIRA,Pleural effusion,1
HUMIRA,Pneumonia,1
IBUPROFEN,Weight decreased,1
ILARIS,Drug ineffective,1
ILARIS,Pneumonia,1
IMATINIB,Breast cancer,1
IMATINIB,Metastases to lymph nodes,1
IMATINIB,Metastases to pleura,1
IMATINIB,Second primary malignancy,1
IMBRUVICA,Transient ischaemic attack,1
HUMIRA,Urinary tract infection bacterial,1
HUMIRA,Vaginal haemorrhage,1
HUMIRA,Weight decreased,1
"HUMULIN 30% REGULAR, 70% NPH",Blindness,1
IBRUTINIB,Traumatic haematoma,1
IBUPROFEN,Blister,1
IBUPROFEN,Chapped lips,1
IBUPROFEN,Consciousness fluctuating,1
INEGY,Renal failure acute,1
IRINOTECAN (UNKNOWN),Abdominal pain upper,1
IRINOTECAN (UNKNOWN),Diarrhoea,1
IRINOTECAN (UNKNOWN),Vomiting,1
IRON,Diarrhoea,1
ISTODAX,Platelet count decreased,1
IZOTONIK SODYUM KLOR?R PVC,Chills,1
IZOTONIK SODYUM KLOR?R PVC,Infusion site erythema,1
IBUPROFEN,Pain,1
IBUPROFEN,Rash generalised,1
IBUPROFEN,Renal impairment,1
IBUPROFEN,Scab,1
IBUPROFEN,Scar,1
IBUPROFEN,Skin disorder,1
IBUPROFEN,Skin exfoliation,1
IBUPROFEN,Stevens-Johnson syndrome,1
JAKAFI,Abdominal pain upper,1
JAKAFI,Abdominal tenderness,1
JAKAFI,Abnormal dreams,1
JAKAFI,Adverse reaction,1
JAKAFI,Arthralgia,1
JAKAFI,Blindness,1
JAKAFI,Blood cholesterol decreased,1
JAKAFI,Blood lactate dehydrogenase increased,1
IMPLANON,Abortion induced,1
IMPLANON,Drug dose omission,1
IMPLANON,Medical device complication,1
IMPLANON,Product quality issue,1
IMPLANON,Unintended pregnancy,1
INCIVEK,Injection site rash,1
INCIVEK,Rash erythematous,1
INCIVEK,White blood cell count decreased,1
BENLYSTA,Malaise,1
BENLYSTA,Nephrolithiasis,1
BISOPROLOL,Renal failure acute,1
BLINDED ALISKIREN,Lower gastrointestinal haemorrhage,1
BONIVA,Arthralgia,1
BONIVA,Diarrhoea,1
BONIVA,Headache,1
BONIVA,Vomiting,1
BUSULFEX,Acute graft versus host disease,1
BUSULFEX,Cardiotoxicity,1
BUSULFEX,Chronic graft versus host disease,1
BUSULFEX,Death,1
BUSULFEX,Gastrointestinal toxicity,1
BUSULFEX,Hepatotoxicity,1
BACLOFEN,B-lymphocyte count decreased,1
BACLOFEN,Gamma-glutamyltransferase increased,1
JAKAFI,Ear haemorrhage,1
JAKAFI,Ear infection,1
JAKAFI,Blood pressure increased,1
JAKAFI,Blood smear test abnormal,1
JAKAFI,Blood triglycerides decreased,1
JAKAFI,Blood urine present,1
JAKAFI,Bone marrow transplant,1
JAKAFI,Chronic sinusitis,1
JAKAFI,Crying,1
JAKAFI,Decreased appetite,1
JAKAFI,Deep vein thrombosis,1
JAKAFI,Depressed mood,1
JAKAFI,Depression,1
JAKAFI,Diabetes mellitus,1
JAKAFI,Discomfort,1
JAKAFI,Abdominal discomfort,1
BACLOFEN,T-lymphocyte count decreased,1
BACLOFEN,White blood cell count decreased,1
BELIMUMAB,Tuberculosis of central nervous system,1
BENDAMUSTINE,Malignant neoplasm progression,1
BENDAMUSTINE,Pancytopenia,1
BENLYSTA,Angioedema,1
BENLYSTA,Biliary tract disorder,1
BENLYSTA,Cholecystectomy,1
AZACITIDINE INJECTABLE,Corynebacterium infection,1
AZACITIDINE INJECTABLE,Enterobacter pneumonia,1
JAKAFI,Drug dispensing error,1
JAKAFI,Drug intolerance,1
JAKAFI,Drug prescribing error,1
JAKAFI,Dry mouth,1
JAKAFI,Dry throat,1
JAKAFI,Dyspepsia,1
JAKAFI,Ecchymosis,1
JAKAFI,Endodontic procedure,1
JAKAFI,Eye disorder,1
JAKAFI,Eye haemorrhage,1
JAKAFI,Feeling cold,1
JAKAFI,Feeling hot,1
JAKAFI,Fluid retention,1
JAKAFI,Generalised oedema,1
JAKAFI,Graft versus host disease,1
JAKAFI,Haematochezia,1
BACLOFEN,Kaposi^s sarcoma,1
BACLOFEN,Lymphocyte count decreased,1
BACLOFEN,Mean platelet volume decreased,1
BACLOFEN,Monocyte count decreased,1
BACLOFEN,Neutrophil count decreased,1
BACLOFEN,Skin lesion,1
JAKAFI,Medication error,1
JAKAFI,Mental status changes,1
JAKAFI,Migraine,1
JAKAFI,Nasal congestion,1
JAKAFI,Hair texture abnormal,1
JAKAFI,Hepatic enzyme increased,1
JAKAFI,Hepatic failure,1
JAKAFI,Hyperhidrosis,1
JAKAFI,Hypersensitivity,1
JAKAFI,Hypertension,1
JAKAFI,Hypothyroidism,1
JAKAFI,Inappropriate schedule of drug administration,1
JAKAFI,Incontinence,1
JAKAFI,Increased tendency to bruise,1
JAKAFI,Influenza,1
JAKAFI,Influenza like illness,1
JAKAFI,No therapeutic response,1
JAKAFI,Odynophagia,1
JAKAFI,Oesophageal pain,1
JAKAFI,Off label use,1
JAKAFI,Oral mucosal erythema,1
JAKAFI,Oral pain,1
JAKAFI,Oropharyngeal pain,1
JAKAFI,Pain in extremity,1
JAKAFI,Pain in jaw,1
JAKAFI,Paraesthesia,1
JAKAFI,Intraocular pressure increased,1
JAKAFI,Jaundice,1
JAKAFI,Laboratory test abnormal,1
JAKAFI,Lip dry,1
JAKAFI,Local swelling,1
JAKAFI,Mass,1
JAKAFI,Neuralgia,1
AZACITIDINE INJECTABLE,Fluid overload,1
AZACITIDINE INJECTABLE,Infected cyst,1
AZACITIDINE INJECTABLE,Pharyngitis,1
AZILECT,Blood pressure increased,1
AZILECT,Confusional state,1
AZILECT,Depression,1
AZILECT,Disease progression,1
AZILECT,Dyskinesia,1
AZILECT,Hypertension,1
AZILECT,Movement disorder,1
AZILECT,Musculoskeletal stiffness,1
AZILECT,Tremor,1
AUBAGIO,Mobility decreased,1
JAKAFI,Nightmare,1
JAKAFI,No adverse event,1
JAKAFI,Skin lesion,1
JAKAFI,Skin sensitisation,1
JAKAFI,Sneezing,1
JAKAFI,Somnolence,1
JAKAFI,Staphylococcal infection,1
JAKAFI,Testicular swelling,1
JAKAFI,Peripheral swelling,1
JAKAFI,Pneumonia,1
JAKAFI,Pollakiuria,1
JAKAFI,Polycythaemia,1
JAKAFI,Productive cough,1
JAKAFI,Prostatic haemorrhage,1
JAKAFI,Pulmonary congestion,1
JAKAFI,Pulmonary embolism,1
JAKAFI,Rash papular,1
JAKAFI,Red blood cell count decreased,1
JAKAFI,Thrombotic microangiopathy,1
JAKAFI,Tooth loss,1
JAKAFI,Treatment noncompliance,1
JAKAFI,Urinary tract infection,1
JAKAFI,Vision blurred,1
JAKAFI,Vitreous floaters,1
JAKAFI,Weight decreased,1
JAKAFI,Weight loss poor,1
JAKAFI,White blood cell count abnormal,1
JAKAFI,Renal impairment,1
JAKAFI,Rhinorrhoea,1
JAKAFI,Sensitivity of teeth,1
JAKAFI,Sinus disorder,1
JAKAFI,Skin cancer,1
JAKAFI,Skin disorder,1
JAKAFI,Skin irritation,1
JAKAFI,Wrong technique in product usage process,1
JANUMET,Anxiety,1
JANUMET,Emotional disorder,1
JANUMET,Emotional distress,1
JANUMET,Lymphadenopathy,1
JANUMET,Metastases to liver,1
JANUMET,Metastases to lung,1
JANUMET,Metastases to retroperitoneum,1
JANUMET,Metastases to spine,1
JANUMET,Metastases to thorax,1
JANUMET,Metastasis,1
JANUMET,Neoplasm malignant,1
JANUMET,Pancreatic carcinoma metastatic,1
JAKAFI,Thermal burn,1
JAKAFI,Thinking abnormal,1
JAKAFI,Thrombocytopenia,1
AUBAGIO,Muscular weakness,1
AUBAGIO,Nausea,1
AUBAGIO,Pain,1
AUBAGIO,Panic attack,1
AUBAGIO,Pneumonia,1
AUBAGIO,Rash pruritic,1
AUBAGIO,Rhinalgia,1
AUBAGIO,Rhinorrhoea,1
AUBAGIO,Seizure,1
AUBAGIO,Surgery,1
AUBAGIO,Tongue disorder,1
AUBAGIO,Urinary incontinence,1
AVASTIN,Death,1
ASMANEX TWISTHALER,Product quality issue,1
ASMANEX TWISTHALER,Syncope,1
JAKAFI,Wound haemorrhage,1
JANUMET,Peripheral venous disease,1
JANUMET,Prostate cancer,1
JANUMET,Renal cyst,1
JANUVIA,Abdominal pain upper,1
JANUVIA,Blood glucose increased,1
JANUVIA,Diarrhoea,1
JANUVIA,Pancreatitis acute,1
JZOLOFT,Breast cancer,1
KALETRA,Foetal exposure during pregnancy,1
KALETRA,Foetal heart rate decreased,1
KALETRA,Foetal heart rate increased,1
KALYDECO,Asthenia,1
KALYDECO,Ear infection,1
KALYDECO,Increased viscosity of bronchial secretion,1
KALYDECO,Sinus disorder,1
KERI ORIGINAL,Dry eye,1
KERI ORIGINAL,Lacrimation increased,1
KERI ORIGINAL,Ocular hyperaemia,1
KETOPROFEN,Drug interaction,1
KETOPROFEN,Erythema,1
KETOPROFEN,Pruritus,1
KETOPROFEN,Urticaria,1
KLACID,Drug ineffective,1
KLACID,Pruritus,1
KLACID,Rash generalised,1
KLACID,Swollen tongue,1
KYNAMRO,Abdominal pain upper,1
KYNAMRO,Alanine aminotransferase increased,1
KYNAMRO,Aspartate aminotransferase increased,1
KYNAMRO,Fatigue,1
KYNAMRO,Injection site discolouration,1
KYNAMRO,Injection site pruritus,1
LETAIRIS,Bone pain,1
LETAIRIS,Catheter site inflammation,1
LETAIRIS,Cellulitis,1
LETAIRIS,Central venous catheterisation,1
LETAIRIS,Chemotherapy,1
LETAIRIS,Chest discomfort,1
LETAIRIS,Condition aggravated,1
KYNAMRO,Unevaluable event,1
LASIX,Oedema,1
LASIX,Weight decreased,1
LETAIRIS,Abdominal distension,1
LETAIRIS,Abdominal pain upper,1
LETAIRIS,Abnormal sensation in eye,1
LETAIRIS,Arthritis,1
LETAIRIS,Auricular haematoma,1
LETAIRIS,Back disorder,1
AUBAGIO,Condition aggravated,1
AUBAGIO,Diarrhoea,1
AUBAGIO,Drug dose omission,1
AUBAGIO,Dry skin,1
AUBAGIO,Facial pain,1
AUBAGIO,Fatigue,1
AUBAGIO,Hyperventilation,1
AUBAGIO,Hypoaesthesia,1
AUBAGIO,Hypotension,1
AUBAGIO,Insomnia,1
AMPYRA,Renal failure,1
AMPYRA,Renal failure acute,1
LETAIRIS,Blood glucose increased,1
LETAIRIS,Blood potassium increased,1
LETAIRIS,Blood pressure decreased,1
LETAIRIS,Body temperature,1
LETAIRIS,Fibrosis,1
LETAIRIS,Fluid overload,1
LETAIRIS,Gastric disorder,1
LETAIRIS,Gingivitis,1
LETAIRIS,Death,1
LETAIRIS,Dental pulp disorder,1
LETAIRIS,Depression,1
LETAIRIS,Dizziness exertional,1
LETAIRIS,Dry mouth,1
LETAIRIS,Ear infection,1
LETAIRIS,Ear pruritus,1
LETAIRIS,Blister,1
LETAIRIS,Blood count abnormal,1
AUBAGIO,Abdominal distension,1
AUBAGIO,Acne,1
AUBAGIO,Anxiety,1
AMPYRA,Electrolyte imbalance,1
LETAIRIS,Heart rate increased,1
LETAIRIS,Hepatic enzyme decreased,1
LETAIRIS,Hiccups,1
LETAIRIS,Hypertension,1
LETAIRIS,Hypoaesthesia,1
LETAIRIS,Hypotension,1
LETAIRIS,Hypoxia,1
LETAIRIS,Increased appetite,1
LETAIRIS,Ear swelling,1
LETAIRIS,Epistaxis,1
LETAIRIS,Eructation,1
LETAIRIS,Erythema,1
LETAIRIS,Excessive cerumen production,1
LETAIRIS,Extrasystoles,1
LETAIRIS,Facial pain,1
LETAIRIS,Haemorrhage,1
AMPYRA,Renal function test abnormal,1
AMPYRA,Skin discolouration,1
AMPYRA,Swollen tongue,1
AMPYRA,Throat irritation,1
AMPYRA,Tongue injury,1
AMPYRA,Urinary tract infection,1
AMPYRA,Wheelchair user,1
AMPYRA,Wrist fracture,1
"ANTIOXIDENT MULTIPLE VITAMINS (A,D,E,K-INTENSIVE) AND MINERALS",Diarrhoea,1
ARKOLAMYL,Cognitive disorder,1
ARKOLAMYL,Psychotic behaviour,1
ASMANEX TWISTHALER,Drug dose omission,1
ASMANEX TWISTHALER,Drug ineffective,1
ASMANEX TWISTHALER,Expired drug administered,1
AMPYRA,Dyspepsia,1
LETAIRIS,No therapeutic response,1
LETAIRIS,Obstruction,1
LETAIRIS,Oral herpes,1
LETAIRIS,Oxygen consumption increased,1
LETAIRIS,Infusion site infection,1
LETAIRIS,Injury,1
LETAIRIS,Intervertebral disc protrusion,1
LETAIRIS,Intra-uterine contraceptive device insertion,1
LETAIRIS,Jaundice,1
LETAIRIS,Laboratory test abnormal,1
LETAIRIS,Ligament sprain,1
LETAIRIS,Liver disorder,1
LETAIRIS,Localised oedema,1
LETAIRIS,Lung transplant,1
LETAIRIS,Middle insomnia,1
LETAIRIS,Migraine,1
LETAIRIS,Myalgia,1
AMPYRA,Hysterectomy,1
AMPYRA,Joint injury,1
AMPYRA,Laceration,1
AMPYRA,Loss of consciousness,1
AMPYRA,Malaise,1
AMPYRA,Multiple sclerosis relapse,1
AMPYRA,Muscular weakness,1
AMPYRA,Nasal discomfort,1
AMPYRA,Nausea,1
AMPYRA,Paraesthesia,1
AMPYRA,Pruritus,1
AMN107,Dizziness,1
AMN107,Hypoaesthesia,1
LETAIRIS,Nasal disorder,1
LETAIRIS,Nasal dryness,1
LETAIRIS,Staphylococcal infection,1
LETAIRIS,Stent placement,1
LETAIRIS,Therapeutic response decreased,1
LETAIRIS,Thirst,1
LETAIRIS,Paraesthesia,1
LETAIRIS,Peripheral vascular disorder,1
LETAIRIS,Pharyngitis,1
LETAIRIS,Pneumonia,1
LETAIRIS,Pollakiuria,1
LETAIRIS,Polyuria,1
LETAIRIS,Poor quality sleep,1
LETAIRIS,Presyncope,1
LETAIRIS,Respiratory disorder,1
LETAIRIS,Respiratory tract congestion,1
LETAIRIS,Respiratory tract infection,1
LETAIRIS,Muscle disorder,1
AMITRIPTYLINE,Asthenia,1
LETAIRIS,Tooth extraction,1
LETAIRIS,Toothache,1
LETAIRIS,Trigeminal neuralgia,1
LETAIRIS,Vein disorder,1
LETAIRIS,Visual impairment,1
LETAIRIS,Weight decreased,1
LETAIRIS,Weight fluctuation,1
LETAIRIS,Wheezing,1
LETAIRIS,Rhinorrhoea,1
LETAIRIS,Rosacea,1
LETAIRIS,Scab,1
LETAIRIS,Seasonal allergy,1
LETAIRIS,Sinus congestion,1
LETAIRIS,Skin atrophy,1
LETAIRIS,Sleep disorder,1
LISINOPRIL HCTZ,Panic attack,1
AMPYRA,Abasia,1
AMPYRA,Alcohol detoxification,1
AMPYRA,Alcohol withdrawal syndrome,1
AMPYRA,Asthenia,1
AMPYRA,Back pain,1
AMPYRA,Constipation,1
AMPYRA,Convulsion,1
AMPYRA,Dehydration,1
AMPYRA,Depression,1
AMPYRA,Diarrhoea,1
AMPYRA,Dizziness,1
AMPYRA,Drug effect decreased,1
AMPYRA,Drug ineffective,1
AMPYRA,Dysarthria,1
AMITRIPTYLINE,Apathy,1
LYRICA,Alanine aminotransferase increased,1
LYRICA,Aspartate aminotransferase increased,1
LYRICA,Blood creatinine increased,1
LIPITOR,Drug hypersensitivity,1
LIPITOR,Neuropathy peripheral,1
LIPITOR,Visual impairment,1
LISINOPRIL HCTZ,Bipolar disorder,1
LISINOPRIL HCTZ,Cold sweat,1
LISINOPRIL HCTZ,Dehydration,1
LISINOPRIL HCTZ,Dysgeusia,1
LISINOPRIL HCTZ,Hyperhidrosis,1
LISINOPRIL HCTZ,Hyperlipidaemia,1
LISINOPRIL HCTZ,Hypertension,1
LISINOPRIL HCTZ,Insomnia,1
LISINOPRIL HCTZ,Nausea,1
LISINOPRIL HCTZ,Night sweats,1
LYRICA,Frustration,1
LYRICA,Ligament sprain,1
LYRICA,Limb traumatic amputation,1
LYRICA,Nerve compression,1
LYRICA,Oedema peripheral,1
LYRICA,Off label use,1
LYRICA,Ophthalmological examination abnormal,1
LO LOESTRIN FE,Embedded device,1
LO LOESTRIN FE,Emotional distress,1
LO LOESTRIN FE,Injury,1
LO LOESTRIN FE,Pain,1
LUCRIN,Unevaluable event,1
LUPRON DEPOT,Abortion spontaneous,1
LUPRON DEPOT,Death,1
LYRICA,Abasia,1
LYRICA,Activities of daily living impaired,1
LYRICA,Visual acuity reduced,1
LYRICA,Weight increased,1
METFORMIN,Erysipelas,1
METFORMIN,Sepsis,1
METHYLPREDNISOLONE ACETATE,Diabetes mellitus,1
METHYLPREDNISOLONE ACETATE,Endocarditis staphylococcal,1
METOTRESSATO TEVA,Mucosal inflammation,1
METRONIDAZOLE (UNKNOWN),Pharyngeal oedema,1
MICROPAKINE,Alopecia,1
MICROPAKINE,Cognitive disorder,1
LYRICA,Drug ineffective for unapproved indication,1
LYRICA,Dry eye,1
LYRICA,Dry mouth,1
LYRICA,Eye haemorrhage,1
LYRICA,Fall,1
LYRICA,Foot fracture,1
AMITRIPTYLINE,Drug level increased,1
AMITRIPTYLINE,Emotional distress,1
AMITRIPTYLINE,Feeling abnormal,1
AMITRIPTYLINE,Gastrooesophageal reflux disease,1
AMITRIPTYLINE,General physical health deterioration,1
AMITRIPTYLINE,Injury,1
AMITRIPTYLINE,Malaise,1
AMITRIPTYLINE,Peripheral artery thrombosis,1
AMITRIPTYLINE,Pneumonia,1
AMITRIPTYLINE,Psychotic disorder,1
AMITRIPTYLINE,Suicidal ideation,1
ALENDRONATE SODIUM,Rib fracture,1
ALENDRONATE SODIUM,Squamous cell carcinoma of skin,1
LYRICA,Road traffic accident,1
LYRICA,Somnolence,1
LYRICA,Vasculitis,1
MIRTAZAPINE,Anger,1
MIRTAZAPINE,Blepharospasm,1
MIRTAZAPINE,Suicidal ideation,1
MIRTAZAPINE,Violence-related symptom,1
MIRENA,Abdominal pain lower,1
MIRENA,Amenorrhoea,1
MIRENA,Back pain,1
MIRENA,Breast cancer,1
MIRENA,Chemical poisoning,1
MIRENA,Depressed mood,1
MIRENA,Device difficult to use,1
MIRENA,Device misuse,1
MIRENA,Drug ineffective,1
LYRICA,Pain,1
LYRICA,Pain in extremity,1
AMITRIPTYLINE,Cerebrovascular arteriovenous malformation,1
NASACORT ALLERGY,Therapeutic response decreased,1
NEORAL,Adenovirus infection,1
NEORAL,BK virus infection,1
NEORAL,Cystitis haemorrhagic,1
NEORAL,Graft versus host disease,1
NEORAL,Pulmonary alveolar haemorrhage,1
MIRENA,Menorrhagia,1
MIRENA,Neck pain,1
MIRENA,Paraesthesia,1
MIRENA,Post procedural discomfort,1
MIRENA,Pregnancy with contraceptive device,1
MIRENA,Psychological trauma,1
MIRENA,Stress,1
MIRENA,Uterine haemorrhage,1
MIRENA,Vaginal haemorrhage,1
MIRTAZAPINE,Aggression,1
NEXPLANON,Implant site pruritus,1
NEXPLANON,Medical device complication,1
NICOTINE,Drug ineffective,1
NODOZ,Diarrhoea,1
NODOZ,Intentional overdose,1
NODOZ,Loss of consciousness,1
MIRTAZAPINE (UNKNOWN),Aggression,1
MIRTAZAPINE (UNKNOWN),Anger,1
MIRTAZAPINE (UNKNOWN),Blepharospasm,1
MIRTAZAPINE (UNKNOWN),Suicidal ideation,1
MIRTAZAPINE (UNKNOWN),Violence-related symptom,1
MORPHINE SULFATE EXTENDED-RELEASE TABLETS (RHODES 74-862),Blood pressure increased,1
MORPHINE SULFATE EXTENDED-RELEASE TABLETS (RHODES 74-862),Cerebrovascular accident,1
MORPHINE SULFATE EXTENDED-RELEASE TABLETS (RHODES 74-862),Pain,1
MYFORTIC,Kaposi^s sarcoma,1
NASACORT ALLERGY,Cardiac flutter,1
NODOZ,Rhabdomyolysis,1
NODOZ,Suicide attempt,1
NODOZ,Traumatic liver injury,1
NODOZ,Vomiting,1
NORVASC,Sleep disorder,1
NORVASC,Somnolence,1
NUVARING,Inappropriate schedule of drug administration,1
NUVARING,No adverse event,1
NUVIGIL,Reflux laryngitis,1
OMEPRAZEN,Febrile convulsion,1
OMEPRAZEN,Helicobacter infection,1
NEULASTA,Pneumonia,1
NEULASTA,Surgery,1
NEXPLANON,Implant site bruising,1
NEXPLANON,Implant site erythema,1
NEXPLANON,Implant site irritation,1
OMEPRAZOLE,Blood count abnormal,1
OMEPRAZOLE,Blood prolactin increased,1
OMEPRAZOLE,Breast enlargement,1
OMEPRAZOLE,Drug interaction,1
OMEPRAZOLE,Dyskinesia,1
OMEPRAZOLE,Dyspnoea,1
OMEPRAZOLE,Dysuria,1
OMEPRAZOLE,Fatigue,1
OMEPRAZOLE,Galactorrhoea,1
OMEPRAZOLE,Hyperhidrosis,1
OMEPRAZOLE,Hypomagnesaemia,1
OMEPRAZOLE,Muscle spasms,1
NODOZ,Nausea,1
NODOZ,Pneumonia aspiration,1
NODOZ,Renal failure acute,1
NODOZ,Restlessness,1
OMEPRAZOLE,Palpitations,1
OMEPRAZOLE,Platelet count decreased,1
OMEPRAZOLE,Swelling,1
OMEPRAZOLE,Tremor,1
OMEPRAZOLE,Weight increased,1
ONFI,Abnormal behaviour,1
ONFI,Activities of daily living impaired,1
ONFI,Adverse event,1
ONFI,Bradykinesia,1
ONFI,Crying,1
ONFI,Dermatillomania,1
ONFI,Drug interaction,1
OMEPRAZOLE,Abdominal pain,1
OMEPRAZOLE,Aggression,1
OMEPRAZOLE,Agitation,1
OMEPRAZOLE,Amenorrhoea,1
ONFI,Insomnia,1
ONFI,Irritability,1
ONFI,Lethargy,1
ONFI,Limb discomfort,1
ONFI,Memory impairment,1
ONFI,Muscular weakness,1
ONFI,Obsessive-compulsive disorder,1
ONFI,Product physical issue,1
ONFI (ORAL SUSPENSION),Increased bronchial secretion,1
OXALIPLATIN TEVA 5MG/ML,Dyspnoea,1
OXALIPLATIN TEVA 5MG/ML,Generalised erythema,1
OXALIPLATIN TEVA 5MG/ML,Infusion related reaction,1
OXALIPLATIN TEVA 5MG/ML,Macroglossia,1
OXALIPLATIN TEVA 5MG/ML,Pruritus,1
OMEPRAZOLE,Muscular weakness,1
OMEPRAZOLE,Ovarian germ cell cancer stage II,1
OXYGEN,Cough,1
OXYGEN,Epistaxis,1
OXYGEN,Haemoptysis,1
OXYGEN,Nasal congestion,1
OXYGEN,Nasal dryness,1
OXYTROL FOR WOMEN,Application site erythema,1
OXYTROL FOR WOMEN,Application site pruritus,1
OXYTROL FOR WOMEN,Dermatitis contact,1
OXYTROL FOR WOMEN,Erythema,1
OXYTROL FOR WOMEN,Inappropriate schedule of drug administration,1
OXYTROL FOR WOMEN,Product adhesion issue,1
OXYTROL FOR WOMEN,Pruritus,1
OXYTROL FOR WOMEN,Wrong technique in drug usage process,1
PACLITAXEL,Anaemia,1
ONFI,Drug level increased,1
ONFI,Incorrect dose administered,1
ADCIRCA,Malaise,1
PACLITAXEL,Bronchospasm,1
PACLITAXEL,Diarrhoea,1
PACLITAXEL,Discomfort,1
PACLITAXEL,Drug hypersensitivity,1
PACLITAXEL,Gastrointestinal obstruction,1
PACLITAXEL,General physical health deterioration,1
PACLITAXEL,Myalgia,1
PACLITAXEL,Nail toxicity,1
PACLITAXEL,Neuropathy peripheral,1
PACLITAXEL,Palmar-plantar erythrodysaesthesia syndrome,1
PACLITAXEL,Rash,1
PACLITAXEL,Skin toxicity,1
PACLITAXEL,Type IV hypersensitivity reaction,1
PARACETAMOL,Rectocele,1
OXYGEN,Asthenia,1
PACLITAXEL,Asthenia,1
ALENDRONIC ACID,Exposure during pregnancy,1
ALENDRONIC ACID,Foetal cardiac disorder,1
ALENDRONIC ACID,Off label use,1
ALLOPURINOL,Diarrhoea,1
ALLOPURINOL,Gout,1
ALLOPURINOL,Headache,1
ALLOPURINOL,Muscle abscess,1
ALLOPURINOL,Platelet count decreased,1
AMBRISENTAN,Cardiac disorder,1
AMBRISENTAN,Death,1
AMIODARONE HCL,Diabetes mellitus,1
AMIODARONE HCL,Hyperthyroidism,1
AMITRIPTYLINE,Abdominal pain,1
AMITRIPTYLINE,Anxiety,1
ADCIRCA,Dyspnoea,1
PLAN B ONE-STEP,Malaise,1
PLAN B ONE-STEP,Menstruation delayed,1
PLAN B ONE-STEP,Nausea,1
PLAN B ONE-STEP,Vomiting,1
PARACETAMOLO,Asthenia,1
PARACETAMOLO,Dysuria,1
PARACETAMOLO,Pleural effusion,1
PARACETAMOLO,Pyrexia,1
PARACETAMOLO,Weight decreased,1
PARAGARD 380A,Anaphylactic reaction,1
PARAGARD 380A,Back pain,1
PARAGARD 380A,Device breakage,1
PARAGARD 380A,Dizziness,1
PARAGARD 380A,Medical device complication,1
PARAGARD 380A,Menorrhagia,1
PACLITAXEL,Arthralgia,1
PRADAXA,Fall,1
PRADAXA,Gamma-glutamyltransferase increased,1
PRADAXA,Haematochezia,1
PRADAXA,Hiccups,1
PRADAXA,Melaena,1
PARAGARD 380A,Metrorrhagia,1
PEGINTRON,Asthenia,1
PEGINTRON,Dizziness,1
PEGINTRON,Nausea,1
PEGINTRON,Pain,1
PEGINTRON,Pruritus,1
PEGINTRON,Pyrexia,1
PHILLIPS^ MILK OF MAGNESIA LIQUID ORIGINAL,Diarrhoea,1
PHILLIPS^ MILK OF MAGNESIA LIQUID ORIGINAL,Drug ineffective,1
PHILLIPS^ MILK OF MAGNESIA LIQUID ORIGINAL,Intestinal haemorrhage,1
PLAN B ONE-STEP,Cough,1
PREDNISOLONE,Type 2 diabetes mellitus,1
PREDNISONE,Diarrhoea,1
PREDNISONE,Loss of consciousness,1
PREDNISONE,Mental status changes,1
PREDNISONE,Pneumonia staphylococcal,1
PLAVIX,Chronic gastritis,1
PLAVIX,Hyperkalaemia,1
PLAVIX,Iron deficiency anaemia,1
PLAVIX,Renal impairment,1
POLOCARD,Acute myocardial infarction,1
PRADAXA,Anorectal discomfort,1
PRADAXA,Blood alkaline phosphatase increased,1
PRADAXA,Cerebrovascular accident,1
PRADAXA,Deafness,1
PRADAXA,Diverticulum,1
PRADAXA,Ear injury,1
PROAIR HFA,Large intestine polyp,1
PROCARDIA,Drug hypersensitivity,1
PROLIA,Drug ineffective,1
PROLIA,Femoral neck fracture,1
PROLIA,Osteoarthritis,1
PROPECIA,Anxiety,1
PROPECIA,Back pain,1
PROPECIA,Benign prostatic hyperplasia,1
PROPECIA,Blood cholesterol increased,1
PRADAXA,Pain in extremity,1
PRADAXA,Proctalgia,1
PRADAXA,Rectal haemorrhage,1
PRADAXA,Transaminases increased,1
PRAMIPEXOLE,Dyspnoea,1
PRAMIPEXOLE,Oedema peripheral,1
PRAMIPEXOLE,Right ventricular failure,1
PROPECIA,Insomnia,1
PROPECIA,Sexual dysfunction,1
PROPECIA,Tri-iodothyronine uptake increased,1
PROPECIA,Type 2 diabetes mellitus,1
PROPECIA,Urinary tract obstruction,1
PROVENTIL,Acute respiratory failure,1
PROVENTIL,Bronchitis,1
PROVENTIL,Bronchitis pneumococcal,1
PROVENTIL,Chronic obstructive pulmonary disease,1
PROVENTIL,Endotracheal intubation,1
PREDNISONE,Respiratory failure,1
PREMARIN,Reaction to drug excipients,1
PRINIVIL,Exposure during pregnancy,1
PRISTIQ,Drug ineffective,1
PROAIR HFA,Blood potassium increased,1
PROAIR HFA,Diarrhoea,1
REBIF,Adverse reaction,1
REBIF,Amnesia,1
REBIF,Antipsychotic drug level above therapeutic,1
REBIF,Antipsychotic drug level below therapeutic,1
REBIF,Aphasia,1
REBIF,Bronchitis,1
REBIF,Central nervous system lesion,1
REBIF,Conversion disorder,1
REBIF,Convulsion,1
REBIF,Dizziness,1
PROPECIA,Blood testosterone free decreased,1
PROPECIA,Cognitive disorder,1
PROPECIA,Depression,1
PROPECIA,Drug dependence,1
PROPECIA,Erectile dysfunction,1
PROPECIA,Hepatitis C,1
REBIF,Influenza,1
REBIF,Injection site bruising,1
REBIF,Injection site haemorrhage,1
REBIF,Injection site pain,1
REBIF,Injection site reaction,1
REBIF,Irritability,1
REBIF,Loss of consciousness,1
REBIF,Malaise,1
REBIF,Memory impairment,1
REBIF,Mental disorder,1
PROVENTIL,Hyperglycaemia,1
QUETIAPINE (UNKNOWN),Mixed liver injury,1
RAMIPRIL,Musculoskeletal stiffness,1
RAMIPRIL,Myalgia,1
RAMIPRIL,Subdural haematoma,1
RANOLAZINE,Death,1
REBIF,Type 2 diabetes mellitus,1
REBIF,Uterine leiomyoma,1
REBIF,Vision blurred,1
REBIF,Visual impairment,1
REBIF,Wrong technique in drug usage process,1
REMERGIL,Myoclonus,1
REMERGIL,Seizure like phenomena,1
REMODULIN,Diarrhoea,1
REMODULIN,Muscle spasms,1
REMODULIN,Oedema peripheral,1
REBIF,Endometriosis,1
REBIF,Fall,1
REBIF,Fatigue,1
REBIF,Feeling abnormal,1
REBIF,Gait disturbance,1
REBIF,Headache,1
REVATIO,Headache,1
REVATIO,Hypotension,1
REVATIO,Malaise,1
REVATIO,Nasopharyngitis,1
REVATIO,Rash,1
REVATIO,Tinnitus,1
REVATIO,Unevaluable event,1
REVLIMID,Arrhythmia,1
REVLIMID,Death,1
REVLIMID,Dyspnoea,1
REBIF,Pain,1
REBIF,Pyrexia,1
REBIF,Speech disorder,1
REBIF,Suicidal ideation,1
REBIF,Suicide attempt,1
REBIF,Syncope,1
REVLIMID,Plasma cell myeloma,1
REVLIMID,Pneumonia,1
REVLIMID,Respiratory disorder,1
RIBAVIRIN,Dizziness,1
RIBAVIRIN,Headache,1
RIBAVIRIN,Nausea,1
RIBAVIRIN,Renal impairment,1
RITUXIMAB,Disease progression,1
ROACTEMRA,Aortic dissection,1
ROACTEMRA,Blood fibrinogen decreased,1
REMODULIN,Pain in extremity,1
REVATIO,Abdominal distension,1
REVATIO,Cough,1
REVATIO,Diarrhoea,1
REVATIO,Fatigue,1
REVATIO,Fluid retention,1
SABRIL (FOR ORAL SOLUTION),Acidosis,1
SABRIL (FOR ORAL SOLUTION),Arrhythmia,1
SABRIL (FOR ORAL SOLUTION),Cardiac arrest,1
SABRIL (FOR ORAL SOLUTION),Drug dose omission,1
SABRIL (FOR ORAL SOLUTION),Insomnia,1
SABRIL (FOR ORAL SOLUTION),Irritability,1
SABRIL (FOR ORAL SOLUTION),Respiratory distress,1
SABRIL (FOR ORAL SOLUTION),Status epilepticus,1
SABRIL (FOR ORAL SOLUTION),Tonsillectomy,1
SAMSCA,Ventricular tachycardia,1
SANDOSTATIN LAR,General physical health deterioration,1
SANDOSTATIN LAR,Malignant neoplasm progression,1
REVLIMID,Foot deformity,1
REVLIMID,Influenza,1
REVLIMID,Lung infection,1
REVLIMID,Overdose,1
ADCIRCA,Pruritus,1
ADCIRCA,Rash,1
ADCIRCA,Unevaluable event,1
ADIRO 100,Hypoacusis,1
AFINITOR,Death,1
AFRIN NO DRIP,Drug ineffective,1
ALENDRONATE SODIUM,Bone graft,1
ALENDRONATE SODIUM,Femur fracture,1
ALENDRONATE SODIUM,Gingival recession,1
ALENDRONATE SODIUM,Intramedullary rod insertion,1
ALENDRONATE SODIUM,Low turnover osteopathy,1
ALENDRONATE SODIUM,Osteoporosis,1
ALENDRONATE SODIUM,Periodontal operation,1
ALENDRONATE SODIUM,Reflux laryngitis,1
ACLASTA,Histiocytosis haematophagic,1
SABRIL (FOR ORAL SOLUTION),Abnormal behaviour,1
SANDOSTATIN LAR DEPOT,Anaemia,1
SANDOSTATIN LAR DEPOT,Asthenia,1
SANDOSTATIN LAR DEPOT,Blood cholesterol abnormal,1
SANDOSTATIN LAR DEPOT,Blood sodium decreased,1
SANDOSTATIN LAR DEPOT,Blood triglycerides abnormal,1
SANDOSTATIN LAR DEPOT,Bone disorder,1
SANDOSTATIN LAR DEPOT,Cholelithiasis,1
SANDOSTATIN LAR DEPOT,Confusional state,1
SANDOSTATIN LAR DEPOT,Cough,1
SANDOSTATIN LAR DEPOT,Death,1
SANDOSTATIN LAR DEPOT,Diabetes mellitus,1
SANDOSTATIN LAR DEPOT,Dyspnoea,1
SANDOSTATIN LAR DEPOT,Hepatic mass,1
SANDOSTATIN LAR DEPOT,Hip fracture,1
ROCURONIUM BROMIDE,Anaphylactic reaction,1
ROCURONIUM BROMIDE,Cardiac arrest,1
SOLIRIS,Dialysis,1
SANDOSTATIN LAR DEPOT,Hyperglycaemia,1
SANDOSTATIN LAR DEPOT,Inappropriate antidiuretic hormone secretion,1
SANDOSTATIN LAR DEPOT,Muscular weakness,1
SANDOSTATIN LAR DEPOT,Nasopharyngitis,1
SANDOSTATIN LAR DEPOT,Pain,1
SANDOSTATIN LAR DEPOT,Palpitations,1
SANDOSTATIN LAR DEPOT,Patient-device incompatibility,1
SANDOSTATIN LAR DEPOT,Thirst,1
SANDOSTATIN LAR DEPOT,Urinary tract infection,1
SANDOSTATIN LAR DEPOT,Weight decreased,1
SELARA,Fibroadenoma of breast,1
SELARA,Off label use,1
"SEVOFLURANE, USP",Hyperthermia malignant,1
SIMULECT,Death,1
SINEMET,Dehydration,1
SOLIRIS,Myelodysplastic syndrome,1
SINEMET,Drug dose omission,1
SINEMET,Dyskinesia,1
SINEMET,Dysphagia,1
SINEMET,Hypokinesia,1
SINEMET,Loss of consciousness,1
SINEMET,Paralysis,1
SINEMET,Quality of life decreased,1
SINEMET,Speech disorder,1
SINEMET,Withdrawal syndrome,1
SODIUM VALPROATE (UNKNOWN),Hepatocellular injury,1
SOLIRIS,Abdominal pain,1
SOLIRIS,Bronchitis,1
SOLIRIS,Chills,1
SOLIRIS,Cold agglutinins,1
SOLIRIS,Cough,1
SOLUMEDROL,Multiple sclerosis,1
SOLUMEDROL,Weight decreased,1
SPIRIVA,Coeliac disease,1
SOLIRIS,Diarrhoea,1
SOLIRIS,Disease progression,1
SOLIRIS,Drug ineffective,1
SOLIRIS,Dysphagia,1
SOLIRIS,Dyspnoea,1
SOLIRIS,Haematocrit decreased,1
SOLIRIS,Haemoglobin decreased,1
SOLIRIS,Headache,1
SOLIRIS,Hypotension,1
SOLIRIS,Immune thrombocytopenic purpura,1
SOLIRIS,Influenza like illness,1
SOLIRIS,Jaundice,1
SOLIRIS,Muscle spasms,1
SUTENT,Death,1
SUTENT,Pain,1
SYNAGIS,Apnoea,1
SOLIRIS,Nausea,1
SOLIRIS,Night sweats,1
SOLIRIS,Packed red blood cell transfusion,1
SOLIRIS,Pain,1
SOLIRIS,Post procedural haemorrhage,1
SOLIRIS,Pseudolymphoma,1
SOLIRIS,Pyrexia,1
SOLIRIS,Splenectomy,1
SOLIRIS,Splenomegaly,1
SOLIRIS,Weight increased,1
SOLIRIS,White blood cell count decreased,1
SOLUMEDROL,Loss of consciousness,1
SOLUMEDROL,Malnutrition,1
TASIGNA,Death,1
TASIGNA,Drug ineffective,1
TASIGNA,General physical health deterioration,1
TASIGNA,Malaise,1
TASIGNA,Overdose,1
TAVEGIL,Hypotension,1
TEGRETOL,Affect lability,1
SPIRIVA,Cough,1
SPIRIVA,Dry mouth,1
SPIRIVA,Dyspnoea,1
SPIRIVA,Exercise tolerance decreased,1
SPIRIVA,Fall,1
SPIRIVA,Musculoskeletal chest pain,1
STELARA,Drug eruption,1
SULFASALAZINE,Rash,1
SULFASALAZINE,Skin discolouration,1
TEGRETOL,Erythema,1
TEGRETOL,Fall,1
TEGRETOL,Gait disturbance,1
TEGRETOL,General physical health deterioration,1
TEGRETOL,Lip discolouration,1
TEGRETOL,Mental impairment,1
TEGRETOL,Quality of life decreased,1
SYNAGIS,Bronchiolitis,1
SYNAGIS,Cyanosis,1
SYNAGIS,Inguinal hernia,1
SYNAGIS,Oedema genital,1
SYNAGIS,Rhinorrhoea,1
SYNAGIS,Umbilical hernia,1
TACROLIMUS (WATSON LABORATORIES),Cerebral haemorrhage,1
TACROLIMUS (WATSON LABORATORIES),Posterior reversible encephalopathy syndrome,1
TACROLIMUS (WATSON LABORATORIES),Subarachnoid haemorrhage,1
"TIENAM 500MG/500MG, POUDRE POUR PERFUSION",Linear IgA disease,1
TIZANIDINE (TIZANIDINE),Cerebrovascular accident,1
TIZANIDINE (TIZANIDINE),Migraine,1
TIZANIDINE (TIZANIDINE),Presyncope,1
TIZANIDINE (TIZANIDINE),Syncope,1
TOBI,Chest discomfort,1
TOBI,Lung infection,1
TOBI,Malaise,1
TEGRETOL,Anticonvulsant drug level decreased,1
TEGRETOL,Central nervous system lesion,1
TEGRETOL,Cognitive disorder,1
TEGRETOL,Disorientation,1
TEGRETOL,Drug effect decreased,1
TEGRETOL,Drug withdrawal syndrome,1
TEGRETOL,Dyspnoea,1
TEGRETOL,Epilepsy,1
TYVASO,Dyspnoea exertional,1
TYVASO,Headache,1
TYVASO,Heart rate increased,1
TYVASO,Oxygen saturation decreased,1
TYVASO,Palpitations,1
VALPROATE SEMISODIUM,Affective disorder,1
VALPROATE SEMISODIUM,Carnitine deficiency,1
VALPROATE SEMISODIUM,Condition aggravated,1
TEGRETOL,Skin discolouration,1
TEGRETOL,Speech disorder,1
TEGRETOL,Status epilepticus,1
TEGRETOL,Tooth loss,1
TEGRETOL,Vertigo,1
TEMODAL,Death,1
THERAFLU EXTRAGRIP,Generalised erythema,1
THERAFLU EXTRAGRIP,Rash pruritic,1
VARENICLINE TARTRATE,Nervousness,1
VENLAFAXINE HCL,Drug ineffective,1
VIAGRA,Drug ineffective,1
VIAGRA,Erection increased,1
VIAGRA,Headache,1
VIAGRA,Painful erection,1
VICODIN,Adnexa uteri pain,1
VICODIN,Drug ineffective,1
VICODIN,Dyspareunia,1
VICODIN,Embedded device,1
VICODIN,Injury,1
VICODIN,Ovarian cyst,1
TOBI,Pulmonary function test decreased,1
TOFACITINIB CITRATE,Osteomyelitis,1
TREANDA,Neuropathy peripheral,1
TYVASO,Dizziness,1
VOVERAN,Multi-organ failure,1
WARFARIN,Haemorrhage,1
WARFARIN,International normalised ratio fluctuation,1
WARFARIN,Otorrhoea,1
XALKORI,Dizziness,1
XARELTO,Cerebral haemorrhage,1
XARELTO,Cerebrovascular accident,1
XARELTO,Death,1
XARELTO,Drooling,1
XELJANZ,Abdominal discomfort,1
XELJANZ,Headache,1
XELJANZ,Oral mucosal blistering,1
VALPROATE SEMISODIUM,Hyperammonaemia,1
VALPROATE SEMISODIUM,Irritability,1
VARENICLINE TARTRATE,Feeling abnormal,1
VARENICLINE TARTRATE,"Hallucination, auditory",1
XGEVA,Osteonecrosis of jaw,1
YASMIN,Abdominal pain,1
YASMIN,Anxiety,1
YASMIN,Deep vein thrombosis,1
YASMIN,Emotional distress,1
YASMIN,General physical health deterioration,1
YASMIN,Injury,1
YASMIN,Pain,1
YASMIN,Thrombosis,1
YAZ,Axillary vein thrombosis,1
YAZ,Cerebral venous thrombosis,1
YAZ,Deep vein thrombosis,1
VICODIN,Pain,1
VICODIN,Pregnancy with contraceptive device,1
VOVERAN,Acute respiratory distress syndrome,1
VOVERAN,General physical health deterioration,1
ZOLINZA,Drug dose omission,1
5-FLUOROURACIL,Ileus paralytic,1
70% DEXTROSE INJECTION USP,Product compounding quality issue,1
ABATACEPT SUBQ INJECTION 125MG/ML,Sepsis,1
ABRAXANE,Dizziness,1
ACETAMINOPHEN,Adenoviral haemorrhagic cystitis,1
ACETAMINOPHEN,Pyrexia,1
ACLASTA,Abasia,1
ACLASTA,Anaemia,1
ACLASTA,Bronchopulmonary aspergillosis,1
ACLASTA,Coma,1
ACLASTA,Crohn^s disease,1
ACLASTA,Diarrhoea,1
ACLASTA,Headache,1
XELODA,Death,1
XGEVA,Metastases to bone,1
YAZ,Peripheral swelling,1
YAZ,Pulmonary embolism,1
YAZ,Subclavian vein thrombosis,1
YAZ,Thrombosis,1
ZEGERID OTC CAPSULES,Drug ineffective,1
ZERIT,CD4 lymphocytes decreased,1
ZERIT,Fat redistribution,1
ZERIT,Lipodystrophy acquired,1
ZERIT,Multifocal motor neuropathy,1
ZERIT,Muscle atrophy,1
ZERIT,Unevaluable event,1
70% DEXTROSE INJECTION USP,Incorrect dosage administered,1
70% DEXTROSE INJECTION USP,No adverse event,1
ZETIA,Pruritus,1
ZETIA,Rash,1
ZITHROMAX,Drug hypersensitivity,1
